{
  "comparison": {
    "final_logits": {
      "cosine": 0.5502526760101318,
      "kl_teacher_to_student": 4.578428268432617,
      "rel_l2": 0.9058172163509115,
      "student_top1": 1072,
      "teacher_top1": 220,
      "topk_overlap": 0.10000000149011612
    },
    "layer_attn_out": {
      "0": {
        "cosine": -0.03272474184632301,
        "rel_l2": 3.7943904571479132
      },
      "1": {
        "cosine": 0.0006094584241509438,
        "rel_l2": 2.4262638445775946
      },
      "10": {
        "cosine": 0.23638233542442322,
        "rel_l2": 1.9520066329990622
      },
      "15": {
        "cosine": 0.00032807979732751846,
        "rel_l2": 4.393941897163801
      },
      "2": {
        "cosine": 0.00124395452439785,
        "rel_l2": 1.4242094187544192
      },
      "20": {
        "cosine": 0.0034072529524564743,
        "rel_l2": 3.1302374382566645
      },
      "25": {
        "cosine": -0.0708903968334198,
        "rel_l2": 2.6326502762648354
      },
      "30": {
        "cosine": 0.009373721666634083,
        "rel_l2": 5.027415830679269
      },
      "35": {
        "cosine": -0.03055083006620407,
        "rel_l2": 3.021446590812363
      },
      "5": {
        "cosine": -0.09613997489213943,
        "rel_l2": 1.7292422851695541
      }
    },
    "layer_out": {
      "0": {
        "cosine": 0.5949866771697998,
        "rel_l2": 1.8673354590688764
      },
      "1": {
        "cosine": 0.5094741582870483,
        "rel_l2": 1.7822862476091623
      },
      "10": {
        "cosine": 0.22743019461631775,
        "rel_l2": 0.9893146731676242
      },
      "15": {
        "cosine": 0.18808907270431519,
        "rel_l2": 1.270161323236059
      },
      "2": {
        "cosine": 0.5509109497070312,
        "rel_l2": 1.183229188401659
      },
      "20": {
        "cosine": 0.1730988621711731,
        "rel_l2": 1.23841993326244
      },
      "25": {
        "cosine": 0.13357704877853394,
        "rel_l2": 1.2770975114474925
      },
      "30": {
        "cosine": 0.17570675909519196,
        "rel_l2": 1.219460828872864
      },
      "35": {
        "cosine": 0.40356501936912537,
        "rel_l2": 0.9688807382711606
      },
      "5": {
        "cosine": 0.47870808839797974,
        "rel_l2": 1.173521438307192
      }
    }
  },
  "prompt": "Question: What is 2 + 2?\\nAnswer:",
  "student_model": "/workspace/sglang_gpt_oss_care_runs/gptoss120b_care_u_convert_only_sweep_20260315_0622/care_u_r1024/conversion/converted_checkpoint",
  "teacher_model": "/workspace/offload_root/gpt-oss-120b",
  "trace_layers": [
    0,
    1,
    2,
    5,
    10,
    15,
    20,
    25,
    30,
    35
  ]
}
