{
  "comparison": {
    "final_logits": {
      "cosine": 0.8470512628555298,
      "kl_teacher_to_student": 3.5504093170166016,
      "rel_l2": 0.5608573239523056,
      "student_top1": 30,
      "teacher_top1": 220,
      "topk_overlap": 0.20000000298023224
    },
    "layer_attn_out": {
      "0": {
        "cosine": 0.20036949217319489,
        "rel_l2": 1.6432592532147534
      },
      "1": {
        "cosine": 0.027689699083566666,
        "rel_l2": 2.351957766653121
      },
      "10": {
        "cosine": -0.42496711015701294,
        "rel_l2": 4.034827570318675
      },
      "15": {
        "cosine": -0.22980138659477234,
        "rel_l2": 3.627214625873849
      },
      "2": {
        "cosine": 0.027713727205991745,
        "rel_l2": 1.9062012436391567
      },
      "20": {
        "cosine": -0.4262625575065613,
        "rel_l2": 4.948741803626828
      },
      "25": {
        "cosine": -0.460654079914093,
        "rel_l2": 3.0418917062132373
      },
      "30": {
        "cosine": 0.10721058398485184,
        "rel_l2": 20.78065670407429
      },
      "35": {
        "cosine": 0.3769682049751282,
        "rel_l2": 12.298083955638262
      },
      "5": {
        "cosine": -0.18068313598632812,
        "rel_l2": 2.7352471288061935
      }
    },
    "layer_out": {
      "0": {
        "cosine": 0.8182992339134216,
        "rel_l2": 0.6700889167982589
      },
      "1": {
        "cosine": 0.6957242488861084,
        "rel_l2": 0.8442950364576929
      },
      "10": {
        "cosine": -0.012557294219732285,
        "rel_l2": 1.0953380068018304
      },
      "15": {
        "cosine": -0.0964534729719162,
        "rel_l2": 1.374059098781745
      },
      "2": {
        "cosine": 0.5666472911834717,
        "rel_l2": 0.8915295408640382
      },
      "20": {
        "cosine": 0.09516303986310959,
        "rel_l2": 1.2640910296867822
      },
      "25": {
        "cosine": -0.0240855161100626,
        "rel_l2": 1.452189051275045
      },
      "30": {
        "cosine": 0.29871639609336853,
        "rel_l2": 1.254677083745021
      },
      "35": {
        "cosine": 0.692821204662323,
        "rel_l2": 1.1106617106130765
      },
      "5": {
        "cosine": 0.27858230471611023,
        "rel_l2": 1.266453078796015
      }
    }
  },
  "prompt": "Question: What is 2 + 2?\\nAnswer:",
  "student_model": "{{MLA_ROOT}}/data/hf_runs/gptoss120b_gptoss_native_mla_r1024_gqarope_exp1",
  "teacher_model": "{{MLA_ROOT}}/repos/MLA_TRANSFER/workspace/offload_root/gpt-oss-120b",
  "trace_layers": [
    0,
    1,
    2,
    5,
    10,
    15,
    20,
    25,
    30,
    35
  ]
}
